Anyo,Semana,Sorteo,Fecha,Numero1,Numero2,Numero3,Numero4,Numero5,Estrella1,Estrella2,ElMillon
2020,1,002,7-ene,5,8,12,37,43,6,11,BPV01728
2020,1,003,10-ene,6,17,32,44,46,2,6,BST33327
2020,2,004,14-ene,21,25,29,39,44,8,9,BTR65604
2020,2,005,17-ene,8,19,20,29,44,3,8,BZB31614
2020,3,006,21-ene,10,11,24,36,46,3,5,CCL70059
2020,3,007,24-ene,3,4,6,9,24,5,8,CBQ37046
2020,4,008,28-ene,1,19,27,31,38,4,5,CFX12466
2020,4,009,31-ene,13,18,20,23,30,2,4,CGH08005
2020,5,010,4-feb,21,23,33,35,47,6,7,CJZ30544
2020,5,011,7-feb,9,15,17,25,40,3,9,CPK12451
2020,6,012,11-feb,24,26,32,43,46,6,10,CQX32862
2020,6,013,14-feb,5,20,35,41,49,6,10,CSN15162
2020,7,014,18-feb,11,32,34,38,47,2,10,CVV46607
2020,7,015,21-feb,7,23,30,32,45,5,9,CWR50202
2020,8,016,25-feb,1,4,18,27,42,4,6,DBC91756
2020,8,017,28-feb,8,11,20,22,23,3,4,DDJ82234
2020,9,018,3-mar,4,14,27,44,45,1,10,DFR24214
2020,9,019,6-mar,15,38,43,45,46,1,11,DFN35083
2020,10,020,10-mar,11,23,30,37,43,5,12,DJF98598
2020,10,021,13-mar,3,11,21,27,36,9,10,DMJ68605
2020,11,022,17-mar,5,7,8,16,20,2,12,DMK49867
2020,11,023,20-mar,3,9,20,34,40,6,12,DMM04889
2020,12,024,24-mar,7,12,26,30,33,10,11,Suspendido
2020,12,025,27-mar,11,14,27,41,46,2,3,Suspendido
2020,13,026,31-mar,12,17,24,30,36,1,9,Suspendido
2020,13,027,3-abr,16,19,34,46,50,2,6,Suspendido
2020,14,028,7-abr,4,5,14,33,48,7,12,Suspendido
2020,14,029,10-abr,3,10,17,33,39,1,4,Suspendido
2020,15,030,14-abr,6,29,34,35,40,4,11,Suspendido
2020,15,031,17-abr,16,28,32,37,45,1,11,Suspendido
2020,16,032,21-abr,10,11,14,23,28,6,8,Suspendido
2020,16,033,24-abr,1,5,19,21,28,4,7,Suspendido
2020,17,034,28-abr,15,23,26,28,32,1,5,Suspendido
2020,17,035,1-may,19,20,38,45,47,2,6,Suspendido
2020,18,036,5-may,2,10,22,27,41,2,3,Suspendido
2020,18,037,8-may,8,25,32,33,38,7,9,Suspendido
2020,19,038,12-may,9,16,29,37,39,4,11,Suspendido
2020,19,039,15-may,11,23,32,34,39,1,6,Suspendido
2020,20,040,19-may,5,25,32,37,43,6,7,BBL01449
2020,20,041,22-may,3,18,22,27,32,2,7,BCQ26357
2020,21,042,26-may,4,9,14,21,27,4,6,BFQ86819
2020,21,043,29-may,4,8,11,19,46,4,8,BGV94265
2020,22,044,2-jun,10,12,22,26,49,7,11,BHQ90769
2020,22,045,5-jun,5,11,17,24,37,3,6,BKB00263
2020,23,046,9-jun,5,15,27,36,46,2,8,BLB84078
2020,23,047,12-jun,2,24,39,45,46,4,8,BND31615
2020,24,048,16-jun,4,9,11,17,39,2,10,BLB39445
2020,24,049,19-jun,5,14,19,24,43,3,11,BRN50858
2020,25,050,23-jun,2,12,19,46,49,1,8,BSH62228
2020,25,051,26-jun,1,10,12,21,26,5,11,BSX99194
2020,26,052,30-jun,1,6,11,28,42,2,10,BXS82384
2020,26,053,3-jul,4,16,27,37,39,3,6,CBQ96302
2020,27,054,7-jul,12,16,23,33,41,8,10,CFK27111
2020,27,055,10-jul,15,17,23,30,38,2,7,BWG42941
2020,28,056,14-jul,11,22,30,37,47,9,10,CJT24439
2020,28,057,17-jul,7,15,27,41,43,7,9,CHZ73362
2020,29,058,21-jul,14,15,24,29,42,2,4,CNL38247
2020,29,059,24-jul,8,9,27,28,50,4,12,CND55355
2020,30,060,28-jul,9,13,15,17,34,2,7,CRF45468
2020,30,061,31-jul,21,24,30,46,49,2,5,CQT10355
2020,31,062,4-ago,1,2,5,15,42,5,8,CVQ35845
2020,31,063,7-ago,5,20,21,36,41,6,11,CTV04015
2020,32,064,11-ago,8,13,14,42,50,3,9,CZM13333
2020,32,065,14-ago,9,10,19,42,49,4,12,CZM64763
2020,33,066,18-ago,6,12,17,34,42,5,12,DDR11157
2020,33,067,21-ago,10,15,35,44,50,3,5,DGF31426
2020,34,068,25-ago,7,18,30,37,39,8,10,DJV18784
2020,34,069,28-ago,7,12,16,17,31,7,9,DNC86925
2020,35,070,1-sep,4,8,10,33,46,8,11,DQL54976
2020,35,071,4-sep,6,22,29,40,43,4,7,DVD87013
2020,36,072,8-sep,2,9,31,35,41,9,12,DWM85613
2020,36,073,11-sep,34,38,42,43,45,9,12,DWB76616
2020,37,074,15-sep,16,20,25,30,38,6,8,FCJ85583
2020,37,075,18-sep,2,10,19,25,45,1,7,FDS58476
2020,38,076,22-sep,16,25,28,39,40,1,6,FGW03260
2020,38,077,25-sep,19,23,34,37,45,1,7,FJF59363
2020,39,078,29-sep,4,14,16,41,44,11,12,FLV15174
2020,39,079,2-oct,6,12,15,40,45,3,9,FPS02845
2020,40,080,6-oct,4,21,36,41,47,9,11,FQV26471
2020,40,081,9-oct,11,15,35,41,50,5,8,FSD26506
2020,41,082,13-oct,5,14,38,41,46,1,10,FTZ01451
2020,41,083,16-oct,15,33,38,40,50,3,6,FWT19164
2020,42,084,20-oct,5,6,15,37,42,3,4,GCF06955
2020,42,085,23-oct,10,15,19,21,23,3,12,GDT59080
2020,43,086,27-oct,,,,,,,,
2020,43,087,30-oct,,,,,,,,
2020,44,088,3-nov,,,,,,,,
2020,44,089,6-nov,,,,,,,,
2020,45,090,10-nov,,,,,,,,
2020,45,091,13-nov,,,,,,,,
2020,46,092,17-nov,,,,,,,,
2020,46,093,20-nov,,,,,,,,
2020,47,094,24-nov,,,,,,,,
2020,47,095,27-nov,,,,,,,,
2020,48,096,1-dic,,,,,,,,
2020,48,097,4-dic,,,,,,,,
2020,49,098,8-dic,,,,,,,,
2020,49,099,11-dic,,,,,,,,
2020,50,100,15-dic,,,,,,,,
2020,50,101,18-dic,,,,,,,,
2020,51,102,22-dic,,,,,,,,
2020,51,103,25-dic,,,,,,,,
2020,52,104,29-dic,,,,,,,,
2020,52,2021/001,1-ene,,,,,,,,
2019,1,001,1-ene,11,25,8,28,1,4,6,
2019,1,002,4-ene,19,7,11,37,27,10,6,MHT56286
2019,2,003,8-ene,19,32,31,3,22,2,11,
2019,2,004,11-ene,19,48,31,39,1,6,1,MMN18701
2019,3,005,15-ene,33,22,35,25,29,3,6,
2019,3,006,18-ene,5,26,46,6,30,5,10,MQS81619
2019,4,007,22-ene,29,49,41,9,23,8,10,
2019,4,008,25-ene,15,16,13,6,1,6,10,MVB61271
2019,5,009,29-ene,39,14,24,32,26,8,3,
2019,5,010,1-feb,3,41,26,46,21,6,1,NJD81255
2019,6,011,5-feb,31,43,14,25,37,2,3,
2019,6,012,8-feb,46,12,13,39,11,7,10,NQN06256
2019,7,013,12-feb,34,36,50,41,6,1,5,
2019,7,014,15-feb,49,38,27,34,15,2,10,NTQ03744
2019,8,015,19-feb,19,8,18,1,39,9,7,
2019,8,016,22-feb,50,33,29,3,27,7,3,PFR02379
2019,9,017,26-feb,29,47,15,3,35,4,3,
2019,9,018,1-mar,9,19,26,31,6,12,11,PLZ07175
2019,10,019,5-mar,16,10,46,39,6,8,11,PPD19077
2019,10,020,8-mar,40,17,24,19,18,8,4,PPW83022
2019,11,021,12-mar,5,13,7,19,31,9,2,PTQ72683
2019,11,022,15-mar,46,24,42,15,3,12,9,PTK34932
2019,12,023,19-mar,9,6,1,47,34,12,7,PZS37992
2019,12,024,22-mar,17,43,26,4,30,11,6,QCD66409
2019,13,025,26-mar,47,43,19,23,12,2,6,QFT06984
2019,13,026,29-mar,13,23,26,47,32,6,10,QDV56584
2019,14,027,2-abr,9,26,16,2,36,6,7,QJB23561
2019,14,028,5-abr,7,45,10,1,29,5,3,QLW98978
2019,15,029,9-abr,38,41,18,29,21,1,11,QNW13689
2019,15,030,12-abr,46,28,1,35,36,6,9,QNC26802
2019,16,031,16-abr,1,49,15,8,44,2,11,QSN16108
2019,16,032,19-abr,32,49,8,7,41,11,5,QTD96941
2019,17,033,23-abr,23,44,18,27,42,7,2,QTZ73953
2019,17,034,26-abr,33,35,50,47,14,11,9,QXR83743
2019,18,035,30-abr,20,26,12,48,5,2,11,QZM00226
2019,18,036,3-may,2,20,27,43,9,5,6,RCF49589
2019,19,037,7-may,32,20,47,7,26,2,11,RFF99717
2019,19,038,10-may,1,45,27,4,48,7,1,RGR33930
2019,20,039,14-may,14,25,50,10,17,2,10,RJP54280
2019,20,040,17-may,42,16,28,43,45,6,7,RJJ70644
2019,21,041,21-may,47,32,34,33,39,12,8,RNC78018
2019,21,042,24-may,5,30,49,23,16,7,6,RPM90292
2019,22,043,28-may,28,7,29,19,20,1,5,PQK16803
2019,22,044,31-may,1,26,23,35,24,11,1,RQZ83470
2019,23,045,4-jun,31,32,9,39,41,8,2,RTK92752
2019,23,046,7-jun,34,16,4,1,20,2,5,RZL88551
2019,24,047,11-jun,27,46,42,25,39,11,12,SCN05137
2019,24,048,14-jun,30,1,39,13,31,2,7,SDN78898
2019,25,049,18-jun,44,40,12,37,24,3,7,SHP60109
2019,25,050,21-jun,9,8,39,25,5,3,7,SKK88230
2019,26,051,25-jun,27,34,6,26,46,1,9,SLR40980
2019,26,052,28-jun,1,33,3,49,16,2,11,SNS88526
2019,27,053,2-jul,11,19,29,44,45,8,12,SQV68605
2019,27,054,5-jul,2,9,20,34,42,6,9,SSS73750
2019,28,055,9-jul,7,29,32,36,41,6,7,SVX94085
2019,28,056,12-jul,2,31,39,45,47,4,8,SXP51999
2019,29,057,16-jul,3,5,13,18,39,7,8,TBM29133
2019,29,058,19-jul,13,14,17,26,28,2,7,TDR42621
2019,30,059,23-jul,1,14,19,23,38,3,7,THS39362
2019,30,060,26-jul,2,5,27,37,42,3,10,TKB07033
2019,31,061,30-jul,15,20,23,27,40,3,6,TLG96606
2019,31,062,2-ago,13,22,33,44,50,2,5,TLQ25913
2019,32,063,6-ago,12,13,29,36,38,4,12,TPS78728
2019,32,064,9-ago,2,14,35,41,42,10,11,TQV48034
2019,33,065,13-ago,13,29,31,33,40,2,3,TTT33161
2019,33,066,16-ago,9,10,27,37,42,1,5,TWR88374
2019,34,067,20-ago,20,22,23,24,37,1,4,TXV14008
2019,34,068,23-ago,4,17,35,42,45,2,8,VCD46107
2019,35,069,27-ago,8,26,35,43,47,1,9,VFG92258
2019,35,070,30-ago,25,27,45,46,49,4,6,VFH03723
2019,36,071,3-sep,7,11,38,39,44,7,10,VMV60199
2019,36,072,6-sep,10,13,22,40,48,2,5,VPF12048
2019,37,073,10-sep,3,22,25,30,49,3,6,VSF94554
2019,37,074,13-sep,1,12,27,42,47,6,7,VSS73635
2019,38,075,17-sep,22,37,43,44,45,1,12,VXZ68416
2019,38,076,20-sep,8,21,25,38,50,4,8,WDK06586
2019,39,077,24-sep,2,33,42,47,48,1,2,WJL39504
2019,39,078,27-sep,24,37,41,43,46,2,8,VZH05969
2019,40,079,1-oct,2,11,18,40,46,1,4,WSG90052
2019,40,080,4-oct,6,9,35,41,44,6,9,WQK53423
2019,41,081,8-oct,7,10,15,44,49,3,12,XFH01864
2019,41,082,11-oct,2,14,19,42,45,5,6,XCB14207
2019,42,083,15-oct,3,28,31,32,34,4,5,XJC74608
2019,42,084,18-oct,8,18,22,41,42,11,12,XJR10817
2019,43,085,22-oct,2,5,32,33,47,7,8,XNQ12204
2019,43,086,25-oct,34,37,39,40,50,4,10,XPV95090
2019,44,087,29-oct,16,18,28,42,49,5,10,XQS05945
2019,44,088,1-nov,2,20,39,44,48,5,7,XVF84532
2019,45,089,5-nov,9,14,25,33,48,2,12,XXK47324
2019,45,090,8-nov,8,17,20,23,45,2,8,XXX22036
2019,46,091,12-nov,1,21,23,25,39,2,4,ZDF41073
2019,46,092,15-nov,3,13,20,32,34,4,11,ZDC57131
2019,47,093,19-nov,8,10,15,30,42,4,6,ZKF38446
2019,47,094,22-nov,3,21,32,34,48,3,11,ZKR75708
2019,48,095,26-nov,2,3,15,19,34,5,8,ZNQ32243
2019,48,096,29-nov,3,7,12,42,50,6,8,ZQF60714
2019,49,097,3-dic,18,31,32,38,48,4,12,ZSR18374
2019,49,098,6-dic,1,3,27,39,46,1,10,ZTT18731
2019,50,099,10-dic,2,10,19,21,47,2,8,ZXD53589
2019,50,100,13-dic,9,16,18,23,32,2,10,ZWJ16997
2019,51,101,17-dic,1,7,12,25,49,6,9,BBP62267
2019,51,102,20-dic,8,24,30,32,34,3,4,BCZ18714
2019,52,103,24-dic,3,11,13,14,47,3,6,BHR18524
2019,52,104,27-dic,1,7,22,26,35,5,10,BJC55088
2019,53,105,31-dic,26,31,33,41,48,2,4,BMK73193
2019,53,2020/001,3-ene,5,15,20,36,47,8,12,BLC39077
2018,1 ,001,2-ene,20,10,21,48,28,1,8,
2018,1 ,002,5-ene,41,38,20,5,2,4,8,VSX56204
2018,2 ,003,9-ene,6,49,38,12,15,9,2,
2018,2 ,004,12-ene,45,30,21,13,23,6,4,VZT29699
2018,3 ,005,16-ene,46,34,31,20,23,3,12,
2018,3 ,006,19-ene,44,3,17,50,8,2,7,WCN20873
2018,4 ,007,23-ene,5,23,8,9,24,7,8,
2018,4 ,008,26-ene,28,15,24,48,6,9,4,WLG90341
2018,5 ,009,30-ene,11,15,35,27,21,5,4,
2018,5 ,010,2-feb,36,39,34,14,48,2,3,WQK58563
2018,6 ,011,6-feb,8,28,17,38,34,6,12,
2018,6 ,012,9-feb,38,22,31,44,36,11,1,XBF99540
2018,7 ,013,13-feb,13,44,10,21,17,10,1,
2018,7 ,014,16-feb,23,32,50,12,10,10,4,XGP60849
2018,8 ,015,20-feb,6,25,14,19,29,11,5,
2018,8 ,016,23-feb,18,17,28,47,10,3,7,XPN91473XQL32571XRK21878XRN62460XVL68687
2018,8 ,,,,,,,,,,
2018,9 ,017,27-feb,48,31,3,41,50,11,8,
2018,9 ,018,2-mar,2,7,34,48,45,1,12,XZT87895
2018,10 ,019,6-mar,26,44,20,31,15,2,9,
2018,10 ,020,9-mar,44,9,14,21,32,12,1,ZKK25877
2018,11 ,021,13-mar,11,9,13,33,49,12,6,
2018,11 ,022,16-mar,31,4,27,24,17,11,10,ZPF44617
2018,12 ,023,20-mar,44,39,29,26,37,9,11,
2018,12 ,024,23-mar,46,5,50,7,11,11,8,ZSK88461
2018,13 ,025,27-mar,46,40,20,23,17,9,10,
2018,13 ,026,30-mar,35,47,28,17,12,7,11,ZXL35128
2018,14 ,027,3-abr,43,3,40,16,8,8,5,
2018,14 ,028,6-abr,45,47,29,33,1,4,8,BFM50511
2018,15 ,029,10-abr,48,14,39,46,27,11,12,
2018,15 ,030,13-abr,48,50,34,25,5,7,6,BKJ13970
2018,16 ,031,17-abr,39,15,33,27,50,6,4,
2018,16 ,032,20-abr,44,39,3,25,16,11,7,BWZ49611
2018,17 ,033,24-abr,28,44,30,23,20,3,7,
2018,17 ,034,27-abr,24,40,12,41,46,5,12,CCH92301
2018,18 ,035,1-may,48,42,15,17,6,4,6,
2018,18 ,036,4-may,23,6,12,45,39,12,9,CKL41725
2018,19,037,8-may,17,35,25,39,44,5,2,
2018,19,038,11-may,22,34,3,50,49,11,8,CLP96731
2018,20,039,15-may,20,16,4,31,39,2,12,
2018,20,040,18-may,8,31,5,10,13,6,3,CSB02014
2018,21,041,22-may,48,11,1,37,41,8,12,
2018,21,042,25-may,13,16,15,41,28,4,5,CXN55745
2018,22,043,29-may,20,43,6,38,11,4,2,
2018,22,044,1-jun,29,17,40,24,18,4,5,DHH86726
2018,23,045,5-jun,39,46,9,22,15,5,4,
2018,23,046,8-jun,43,46,8,32,19,8,2,DJR42594
2018,24,047,12-jun,7,21,23,36,38,6,8,
2018,24,048,15-jun,26,23,49,33,38,1,12,DSD86887
2018,25,049,19-jun,26,7,19,50,42,9,4,
2018,25,050,22-jun,44,39,41,14,25,8,2,DWL19465
2018,26,051,26-jun,20,34,16,15,50,7,4,
2018,26,052,29-jun,15,21,40,23,48,3,12,FBF67819
2018,27,053,3-jul,15,29,12,48,1,5,3,
2018,27,054,6-jul,30,8,48,33,38,10,2,FJD99813
2018,28,055,10-jul,3,33,26,8,45,10,7,
2018,28,056,13-jul,49,14,4,1,21,2,12,FKW87491
2018,29,057,17-jul,4,50,6,27,48,1,11,
2018,29,058,20-jul,15,2,43,40,46,3,6,FRT66788
2018,30,059,24-jul,40,23,2,4,39,3,9,
2018,30,060,27-jul,17,23,11,22,41,11,6,FTF66927
2018,31,061,31-jul,25,34,20,42,45,6,11,
2018,31,062,3-ago,26,38,36,43,7,12,6,GBG43976
2018,32,063,7-ago,30,29,28,36,16,10,8,
2018,32,064,10-ago,43,44,20,18,36,9,3,GJD73688
2018,33,065,14-ago,31,1,15,25,18,9,11,
2018,33,066,17-ago,18,24,2,43,15,8,12,GLS19533
2018,34,067,21-ago,43,16,49,23,42,12,10,
2018,34,068,24-ago,31,36,50,14,3,12,1,GSS45063
2018,35,069,28-ago,42,46,4,16,32,12,8,
2018,35,070,31-ago,4,42,30,38,31,4,6,HBM29755
2018,36,071,4-sep,47,5,28,30,14,11,4,
2018,36,072,7-sep,50,31,27,4,23,1,8,HHS91578
2018,37,073,11-sep,32,18,9,38,46,2,3,
2018,37,074,14-sep,45,40,33,1,3,4,3,HLZ53001
2018,38,075,18-sep,10,32,45,8,3,4,12,
2018,38,076,21-sep,5,7,37,25,21,3,4,HRP49659
2018,39,077,25-sep,38,6,20,30,15,4,7,
2018,39,078,28-sep,4,8,50,2,27,2,9,HXC57865
2018,40,079,2-oct,45,29,37,7,17,11,3,
2018,40,080,5-oct,16,8,26,35,24,11,3,JHV16849
2018,41,081,9-oct,3,45,44,12,36,11,8,
2018,41,082,12-oct,31,4,12,43,9,8,5,JPC28768
2018,42,083,16-oct,15,28,42,37,40,1,6,
2018,42,084,19-oct,1,3,47,29,48,12,3,JTT81855
2018,43,085,23-oct,32,2,1,5,21,12,2,
2018,43,086,26-oct,5,31,18,21,35,6,9,JWX30918
2018,44,087,30-oct,44,27,23,17,43,1,12,
2018,44,088,2-nov,15,37,5,17,44,11,7,KHS69266
2018,45,089,6-nov,14,36,24,43,40,2,9,
2018,45,090,9-nov,49,17,37,32,14,11,12,KLZ88234
2018,46,091,13-nov,10,7,13,2,42,6,3,
2018,46,092,16-nov,9,10,28,41,13,12,1,KQN64204
2018,47,093,20-nov,6,48,19,45,39,7,12,
2018,47,094,23-nov,25,30,5,26,8,3,10,KWP75105
2018,48,095,27-nov,17,16,4,32,18,11,2,
2018,48,096,30-nov,3,10,26,23,12,12,1,LFD21753
2018,49,097,4-dic,21,19,45,20,42,8,9,
2018,49,098,7-dic,17,11,37,48,26,1,10,LJL57701
2018,50,099,11-dic,4,13,7,42,23,1,3,
2018,50,100,14-dic,29,12,38,44,42,12,2,LNH36834
2018,51,101,18-dic,1,18,39,48,9,7,5,
2018,51,102,21-dic,12,2,34,50,15,4,3,LSL36734
2018,52,103,25-dic,8,4,43,31,5,9,2,
2018,52,104,28-dic,34,16,35,45,13,10,12,MBD65127
2017,1 ,001,3-ene,34,27,49,23,19,11,1,
2017,1 ,002,6-ene,21,14,49,10,18,9,11,FVJ81788
2017,2 ,003,10-ene,44,29,35,11,2,4,9,
2017,2 ,004,13-ene,16,7,50,3,26,4,7,FXN29035
2017,3 ,005,17-ene,43,4,25,16,47,10,2,
2017,3 ,006,20-ene,17,10,27,49,31,3,5,GFW03268
2017,4 ,007,24-ene,5,1,23,17,7,3,8,
2017,4 ,008,27-ene,28,45,20,17,48,9,5,GPM59501
2017,5 ,009,31-ene,4,17,44,23,3,6,9,
2017,5 ,010,3-feb,3,4,50,46,15,9,5,GSM10394
2017,6 ,011,7-feb,44,38,4,31,10,10,8,
2017,6 ,012,10-feb,43,26,7,35,21,9,2,HBW20743
2017,7 ,013,14-feb,44,40,24,2,10,3,10,
2017,7 ,014,17-feb,25,19,33,36,48,2,9,HGH10518
2017,8 ,015,21-feb,19,41,49,13,45,4,3,
2017,8 ,016,24-feb,13,2,43,22,4,8,9,HLG40074  HMM22479  HMM38260  HMM95580  HNR68737
2017,9 ,017,28-feb,35,31,10,42,20,2,12,
2017,9 ,018,3-mar,47,2,11,29,30,12,1,HRP80908
2017,10 ,019,7-mar,6,37,50,41,48,5,4,
2017,10 ,020,10-mar,38,49,31,47,36,8,11,HXQ69396
2017,11 ,021,14-mar,21,5,44,36,3,3,6,
2017,11 ,022,17-mar,19,29,36,6,10,9,3,JGD13368
2017,12 ,023,21-mar,47,23,20,44,1,11,4,
2017,12 ,024,24-mar,2,21,17,27,34,5,9,JMG18516
2017,13 ,025,28-mar,33,13,46,9,31,6,10,
2017,13 ,026,31-mar,24,26,45,17,28,4,12,JSV21776
2017,14 ,027,4-abr,24,33,9,1,34,2,6,
2017,14 ,028,7-abr,35,10,2,50,19,7,6,JWM17268
2017,15 ,029,11-abr,22,5,31,49,21,8,2,
2017,15 ,030,14-abr,33,20,4,14,23,6,10,KCV94497
2017,16 ,031,18-abr,22,17,45,38,31,12,5,
2017,16 ,032,21-abr,2,13,22,49,16,4,5,KJV84808
2017,17 ,033,25-abr,11,9,32,19,43,3,9,
2017,17 ,034,28-abr,20,25,30,39,14,8,2,KQG27699
2017,18 ,035,2-may,27,25,19,6,23,12,11,
2017,18 ,036,5-may,7,43,30,3,35,1,3,KSM02835
2017,19,037,9-may,26,22,16,12,8,7,6,
2017,19,038,12-may,2,28,29,44,20,3,9,LFZ78745
2017,20,039,16-may,20,8,30,11,15,3,8,
2017,20,040,19-may,30,12,9,19,11,9,4,LHS76737
2017,21,041,23-may,15,8,42,25,27,1,4,
2017,21,042,26-may,36,5,39,7,26,2,10,LNB54581  LNP77411  LPL99331  LQK90254  LRX89841
2017,22,043,30-may,27,48,38,12,7,9,6,
2017,22,044,2-jun,8,42,33,24,10,9,3,MBN13373
2017,23,045,6-jun,25,40,20,22,37,7,3,
2017,23,046,9-jun,9,20,27,39,43,10,11,MJQ39259
2017,24,047,13-jun,12,3,22,27,49,11,4,
2017,24,048,16-jun,38,42,15,17,41,9,12,MPW11579
2017,25,049,20-jun,44,43,11,18,26,8,10,
2017,25,050,23-jun,4,31,21,3,38,3,7,MSN13717
2017,26,051,27-jun,45,17,21,9,28,1,3,
2017,26,052,30-jun,35,50,39,17,47,6,8,NFL79741
2017,27,053,4-jul,22,25,10,37,49,8,5,
2017,27,054,7-jul,45,37,20,35,11,3,6,NHS36159
2017,28,055,11-jul,50,26,42,22,14,8,10,
2017,28,056,14-jul,21,14,20,47,11,10,7,NMN78471
2017,29,057,18-jul,41,27,1,45,25,7,5,
2017,29,058,21-jul,8,1,26,49,9,9,5,NTD49765
2017,30,059,25-jul,14,44,43,48,12,11,2,
2017,30,060,28-jul,41,9,31,5,29,4,2,NWB53211
2017,31,061,1-ago,29,24,21,30,14,10,8,
2017,31,062,4-ago,29,30,41,40,36,9,2,PFG03564
2017,32,063,8-ago,26,15,40,25,41,4,5,
2017,32,064,11-ago,39,48,28,46,18,12,5,PLQ09238
2017,33,065,15-ago,14,30,46,10,35,4,10,
2017,33,066,18-ago,39,42,24,45,2,2,8,PNN10618
2017,34,067,22-ago,10,12,17,3,27,3,5,
2017,34,068,25-ago,15,7,1,47,5,9,12,PVT60760
2017,35,069,29-ago,4,12,32,15,38,1,5,
2017,35,070,1-sep,8,7,3,14,49,5,8,PZV56474
2017,36,071,5-sep,28,18,29,6,9,9,1,
2017,36,072,8-sep,42,47,24,49,9,1,5,QFP29494
2017,37,073,12-sep,35,17,29,10,27,4,11,
2017,37,074,15-sep,44,49,13,18,37,9,12,QNB92389
2017,38,075,19-sep,45,21,1,8,30,3,2,
2017,38,076,22-sep,6,31,39,42,11,3,1,QQM59853
2017,39,077,26-sep,40,29,1,48,41,12,6,
2017,39,078,29-sep,18,32,7,48,19,3,7,RFB53048
2017,40,079,3-oct,32,6,50,24,48,1,5,
2017,40,080,6-oct,15,1,9,25,19,1,7,RRH37615
2017,41,081,10-oct,36,4,37,21,34,6,3,
2017,41,082,13-oct,23,37,50,29,45,5,11,RTH22586
2017,42,083,17-oct,19,26,17,13,36,2,3,
2017,42,084,20-oct,4,27,23,30,17,3,8,SDN79299
2017,43,085,24-oct,27,9,33,13,11,10,7,
2017,43,086,27-oct,39,23,16,32,3,1,4,SKF98808
2017,44,087,31-oct,46,12,43,36,1,3,5,
2017,44,088,3-nov,41,5,33,17,12,4,9,SMC29264
2017,45,089,7-nov,37,19,41,20,7,12,2,
2017,45,090,10-nov,37,36,29,22,13,1,9,SPV34991
2017,46,091,14-nov,16,40,39,41,14,8,10,
2017,46,092,17-nov,35,36,26,42,20,5,12,SZC65438
2017,47,093,21-nov,31,28,10,2,14,7,5,
2017,47,094,24-nov,28,24,50,19,30,10,3,TCZ95625
2017,48,095,28-nov,42,1,12,6,18,2,7,
2017,48,096,1-dic,5,46,29,35,24,11,12,TGX83224
2017,49,097,5-dic,48,11,44,43,36,2,7,
2017,49,098,8-dic,34,32,22,30,4,4,3,TPH75102
2017,50,099,12-dic,39,20,37,50,44,4,8,
2017,50,100,15-dic,25,42,30,50,31,11,2,TVX66431
2017,51,101,19-dic,15,38,46,8,30,4,7,
2017,51,102,22-dic,5,30,24,31,43,3,6,VGZ90400
2017,52,103,26-dic,30,4,17,44,43,10,2,
2017,52,104,29-dic,4,48,8,22,23,1,12,VLD65841
2016,1 ,002,5-ene,36,10,6,39,31,6,10,
2016,1 ,003,8-ene,35,33,26,40,5,3,8,
2016,2 ,004,12-ene,2,10,30,44,1,1,8,
2016,2 ,005,15-ene,43,38,19,10,46,1,11,
2016,3 ,006,19-ene,2,30,38,43,46,7,2,
2016,3 ,007,22-ene,27,10,30,47,12,9,8,
2016,4 ,008,26-ene,15,40,24,48,38,2,9,
2016,4 ,009,29-ene,29,32,23,1,5,1,7,
2016,5 ,010,2-feb,36,21,10,6,9,6,2,
2016,5 ,011,5-feb,46,32,27,3,41,4,8,
2016,6 ,012,9-feb,9,6,13,28,37,4,5,
2016,6 ,013,12-feb,31,49,28,20,3,5,2,
2016,7 ,014,16-feb,3,22,50,10,37,6,10,
2016,7 ,015,19-feb,32,13,14,39,30,3,9,
2016,8 ,016,23-feb,42,32,23,25,37,11,1,
2016,8 ,017,26-feb,13,50,5,33,15,9,11,
2016,9 ,018,1-mar,37,7,28,13,4,11,10,
2016,9 ,019,4-mar,9,23,40,16,14,1,5,
2016,10 ,020,8-mar,9,14,23,8,1,7,1,
2016,10 ,021,11-mar,26,43,1,21,40,9,6,
2016,11 ,022,15-mar,7,10,5,44,34,10,2,
2016,11 ,023,18-mar,14,49,21,19,24,5,11,
2016,12 ,024,22-mar,15,49,12,26,42,5,8,
2016,12 ,025,25-mar,43,36,12,42,19,8,5,
2016,13 ,026,29-mar,4,25,19,36,1,3,11,
2016,13 ,027,1-abr,23,25,2,49,16,6,9,
2016,14 ,028,5-abr,3,19,40,9,5,5,2,
2016,14 ,029,8-abr,43,8,49,6,26,10,6,
2016,15 ,030,12-abr,9,1,5,22,38,10,2,
2016,15 ,031,15-abr,13,32,37,14,48,1,7,
2016,16 ,032,19-abr,27,14,44,15,11,7,2,
2016,16 ,033,22-abr,32,43,26,34,17,2,10,
2016,17 ,034,26-abr,10,42,17,32,31,2,5,
2016,17 ,035,29-abr,4,25,28,5,43,6,11,
2016,18 ,036,3-may,23,34,8,24,38,3,7,
2016,18 ,037,6-may,45,48,40,34,32,10,1,
2016,19,038,10-may,40,2,26,27,49,10,5,
2016,19,039,13-may,31,28,42,15,7,10,11,
2016,20,040,17-may,32,27,39,36,15,3,10,
2016,20,041,20-may,41,9,30,14,45,4,9,
2016,21,042,24-may,37,17,34,16,23,9,6,
2016,21,043,27-may,46,27,13,43,25,4,8,
2016,22,044,31-may,6,30,26,48,12,6,7,
2016,22,045,3-jun,7,31,39,23,33,6,10,
2016,23,046,7-jun,26,49,19,45,35,2,5,
2016,23,047,10-jun,21,35,42,14,43,7,9,
2016,24,048,14-jun,13,50,42,39,34,11,9,
2016,24,049,17-jun,43,1,18,27,7,8,4,
2016,25,050,21-jun,32,35,17,49,5,5,1,
2016,25,051,24-jun,11,19,39,28,27,3,10,
2016,26,052,28-jun,43,37,32,26,49,5,4,
2016,26,053,1-jul,11,50,13,40,2,10,1,
2016,27,054,5-jul,38,29,10,48,1,4,3,
2016,27,055,8-jul,12,18,8,44,33,8,4,
2016,28,056,12-jul,26,3,41,33,7,2,10,
2016,28,057,15-jul,2,11,14,13,21,1,8,
2016,29,058,19-jul,24,37,19,28,36,6,3,
2016,29,059,22-jul,26,45,24,7,37,9,5,
2016,30,060,26-jul,13,49,10,45,3,11,2,
2016,30,061,29-jul,40,26,50,1,21,4,2,
2016,31,062,2-ago,27,46,38,2,8,2,6,
2016,31,063,5-ago,19,16,24,37,35,2,7,
2016,32,064,9-ago,19,43,44,12,45,10,5,
2016,32,065,12-ago,15,50,36,2,28,11,2,
2016,33,066,16-ago,34,37,46,26,2,4,8,
2016,33,067,19-ago,22,6,5,25,34,7,5,
2016,34,068,23-ago,2,31,45,37,23,8,4,
2016,34,069,26-ago,48,9,30,28,1,7,8,
2016,35,070,30-ago,29,42,13,16,35,6,8,
2016,35,071,2-sep,50,40,16,32,8,2,11,
2016,36,072,6-sep,45,12,34,24,30,7,10,
2016,36,073,9-sep,28,4,11,17,15,1,3,
2016,37,074,13-sep,44,16,4,7,35,3,1,
2016,37,075,16-sep,32,5,22,8,14,2,11,
2016,38,076,20-sep,45,41,4,1,10,9,6,
2016,38,077,23-sep,14,39,42,49,16,9,3,
2016,39,078,27-sep,41,6,13,39,9,2,12,
2016,39,079,30-sep,35,44,17,37,43,10,2,BJH27426
2016,40,080,4-oct,4,38,7,14,34,4,11,
2016,40,081,7-oct,12,30,27,20,2,11,9,BLS15995
2016,41,082,11-oct,12,37,20,24,5,4,11,
2016,41,083,14-oct,31,34,19,7,13,11,1,CCL61918
2016,42,084,18-oct,2,25,17,21,27,9,6,
2016,42,085,21-oct,48,9,23,20,44,10,8,CDZ66552
2016,43,086,25-oct,28,15,21,3,20,5,1,
2016,43,087,28-oct,23,43,10,19,16,8,2,CPR86623
2016,44,088,1-nov,10,20,6,37,29,9,1,
2016,44,089,4-nov,7,11,12,48,44,7,3,CSD19974
2016,45,090,8-nov,49,47,9,50,5,9,8,
2016,45,091,11-nov,38,49,3,22,23,9,2,CXF91697
2016,46,092,15-nov,42,7,15,36,48,3,7,
2016,46,093,18-nov,32,27,12,47,3,8,6,DFP23131
2016,47,094,22-nov,47,10,5,33,34,10,2,
2016,47,095,25-nov,28,23,5,11,17,10,11,DMF28054
2016,48,096,29-nov,38,27,21,28,26,11,9,
2016,48,097,2-dic,23,32,6,11,31,2,12,DPT23541
2016,49,098,6-dic,27,1,7,11,45,9,4,
2016,49,099,9-dic,6,40,37,28,12,1,5,DWR28814
2016,50,100,13-dic,28,50,48,29,14,8,2,
2016,50,101,16-dic,45,10,6,30,41,11,4,FFQ30170
2016,51,102,20-dic,15,27,13,21,17,3,2,
2016,51,103,23-dic,46,39,16,20,4,5,2,FJP89454
2016,52,104,27-dic,32,22,39,25,3,7,12,
2016,52,105,30-dic,10,22,29,47,8,1,3,FSF13912
2015,1 ,104,30-dic,6,18,39,50,44,11,8,
2015,1 ,001,2-ene,24,25,49,28,22,3,6,
2015,2 ,002,6-ene,20,38,30,14,49,4,3,
2015,2 ,003,9-ene,6,32,45,21,24,1,11,
2015,3 ,004,13-ene,34,31,21,8,17,10,9,
2015,3 ,005,16-ene,34,32,29,30,46,6,3,
2015,4 ,006,20-ene,33,47,15,41,44,10,8,
2015,4 ,007,23-ene,30,45,29,38,6,8,1,
2015,5 ,008,27-ene,10,33,5,31,40,10,8,
2015,5 ,009,30-ene,9,24,15,13,19,3,8,
2015,6 ,010,3-feb,50,44,17,31,33,11,7,
2015,6 ,011,6-feb,50,30,10,26,39,8,7,
2015,7 ,012,10-feb,30,45,20,13,17,9,10,
2015,7 ,013,13-feb,24,12,39,44,42,3,11,
2015,8 ,014,17-feb,5,2,18,43,30,10,1,
2015,8 ,015,20-feb,37,46,10,4,14,4,7,
2015,9 ,016,24-feb,3,28,25,34,50,1,11,
2015,9 ,017,27-feb,17,25,14,5,47,10,9,
2015,10 ,018,3-mar,6,21,13,8,11,8,7,
2015,10 ,019,6-mar,47,30,49,50,23,7,2,
2015,11 ,020,10-mar,31,30,2,6,23,10,2,
2015,11 ,021,13-mar,4,5,22,18,23,3,1,
2015,12 ,022,17-mar,11,23,44,38,26,8,1,
2015,12 ,023,20-mar,3,14,42,48,37,1,10,
2015,13 ,024,24-mar,40,10,39,24,26,3,10,
2015,13 ,025,27-mar,30,39,32,44,2,10,6,
2015,14 ,026,31-mar,8,28,20,24,49,8,9,
2015,14 ,027,3-abr,39,37,49,29,27,4,2,
2015,15 ,028,7-abr,39,25,50,44,18,8,5,
2015,15 ,029,10-abr,25,43,22,23,30,5,9,
2015,16 ,030,14-abr,49,34,32,24,35,2,1,
2015,16 ,031,17-abr,39,2,34,24,30,11,8,
2015,17 ,032,21-abr,14,42,17,6,45,8,1,
2015,17 ,033,24-abr,31,5,40,29,19,3,10,
2015,18 ,034,28-abr,36,24,28,26,45,10,7,
2015,18 ,035,1-may,19,26,20,25,3,6,10,
2015,19,036,5-may,1,17,10,42,20,9,8,
2015,19,037,8-may,14,19,49,7,47,10,3,
2015,20,038,12-may,29,30,14,46,40,3,6,
2015,20,039,15-may,47,42,44,5,35,9,8,
2015,21,040,19-may,35,37,31,26,30,11,8,
2015,21,041,22-may,18,44,35,24,45,5,11,
2015,22,042,26-may,6,24,7,21,5,6,5,
2015,22,043,29-may,4,20,48,45,3,8,6,
2015,23,044,2-jun,23,7,41,29,37,1,8,
2015,23,045,5-jun,8,7,2,48,45,9,1,
2015,24,046,9-jun,5,34,17,9,32,8,6,
2015,24,047,12-jun,11,10,37,5,8,9,7,
2015,25,048,16-jun,15,10,36,16,37,3,9,
2015,25,049,19-jun,7,14,20,31,42,9,3,
2015,26,050,23-jun,16,38,4,22,49,6,9,
2015,26,051,26-jun,10,19,6,3,24,5,7,
2015,27,052,30-jun,11,28,15,34,37,1,8,
2015,27,053,3-jul,11,18,44,15,12,3,9,
2015,28,054,7-jul,7,41,33,18,6,10,3,
2015,28,055,10-jul,35,8,15,5,41,5,4,
2015,29,056,14-jul,34,18,36,19,6,1,8,
2015,29,057,17-jul,21,48,22,1,43,9,7,
2015,30,058,21-jul,14,29,44,27,20,10,7,
2015,30,059,24-jul,21,46,2,9,35,2,11,
2015,31,060,28-jul,36,23,49,43,32,8,7,
2015,31,061,31-jul,34,21,16,50,40,6,9,
2015,32,062,4-ago,50,15,39,10,45,10,9,
2015,32,063,7-ago,1,5,21,44,39,4,11,
2015,33,064,11-ago,2,16,3,15,8,4,11,
2015,33,065,14-ago,45,4,44,7,39,3,5,
2015,34,066,18-ago,7,10,19,12,11,2,9,
2015,34,067,21-ago,47,4,16,18,43,10,6,
2015,35,068,25-ago,31,33,50,27,42,5,2,
2015,35,069,28-ago,11,34,30,29,31,4,7,
2015,36,070,1-sep,6,27,45,19,21,8,1,
2015,36,071,4-sep,27,8,45,9,50,8,10,
2015,37,072,8-sep,42,14,40,39,16,1,4,
2015,37,073,11-sep,19,50,10,29,18,9,1,
2015,38,074,15-sep,44,8,15,17,49,5,8,
2015,38,075,18-sep,39,34,33,7,29,8,7,
2015,39,076,22-sep,27,14,23,29,26,7,10,
2015,39,077,25-sep,14,37,30,13,23,8,2,
2015,40,078,29-sep,14,49,26,11,29,3,9,
2015,40,079,2-oct,21,35,7,32,18,11,2,
2015,41,080,6-oct,22,32,29,11,20,1,8,
2015,41,081,9-oct,43,42,47,40,1,9,11,
2015,42,082,13-oct,26,15,12,47,29,11,3,
2015,42,083,16-oct,28,43,7,48,29,3,10,
2015,43,084,20-oct,21,19,30,45,17,8,10,
2015,43,085,23-oct,25,7,32,39,30,2,8,
2015,44,086,27-oct,11,20,25,36,12,9,6,
2015,44,087,30-oct,34,13,17,8,21,6,7,
2015,45,088,3-nov,39,27,49,8,46,2,6,
2015,45,089,6-nov,26,40,38,17,3,4,10,
2015,46,090,10-nov,43,39,13,6,18,2,8,
2015,46,091,13-nov,33,10,18,40,17,8,2,
2015,47,092,17-nov,6,37,23,38,7,11,10,
2015,47,093,20-nov,34,49,30,46,4,8,7,
2015,48,094,24-nov,26,14,17,9,16,10,11,
2015,48,095,27-nov,50,16,30,37,29,6,8,
2015,49,096,1-dic,35,15,45,25,2,10,8,
2015,49,097,4-dic,17,27,18,39,8,7,1,
2015,50,098,8-dic,48,29,12,38,17,9,11,
2015,50,099,11-dic,43,5,21,3,40,11,6,
2015,51,100,15-dic,11,27,35,8,23,4,11,
2015,51,101,18-dic,22,6,26,29,48,5,6,
2015,52,102,22-dic,19,41,18,40,20,7,10,
2015,52,103,25-dic,10,27,40,3,25,9,3,
2015,53,104,29-dic,5,36,32,31,20,6,7,
2015,53,2016/001,1-ene,44,37,38,39,4,4,7,
2014,1 ,105,31-dic,29,45,24,20,13,7,3,
2014,1 ,001,3-ene,3,44,27,38,31,3,8,
2014,2 ,002,7-ene,2,45,20,27,33,6,10,
2014,2 ,003,10-ene,1,27,2,11,29,10,1,
2014,3 ,004,14-ene,25,18,20,26,37,11,10,
2014,3 ,005,17-ene,26,19,33,42,32,10,4,
2014,4 ,006,21-ene,4,42,35,48,12,5,8,
2014,4 ,007,24-ene,19,41,35,34,5,1,5,
2014,5 ,008,28-ene,18,23,48,20,42,2,9,
2014,5 ,009,31-ene,10,15,31,8,16,8,9,
2014,6 ,010,4-feb,37,1,33,21,38,8,4,
2014,6 ,011,7-feb,17,19,47,3,46,9,10,
2014,7 ,012,11-feb,47,25,8,17,41,1,2,
2014,7 ,013,14-feb,19,39,4,2,6,2,7,
2014,8 ,014,18-feb,36,37,26,23,49,6,7,
2014,8 ,015,21-feb,28,13,17,30,32,5,7,
2014,9 ,016,25-feb,42,21,25,28,35,6,4,
2014,9 ,017,28-feb,38,44,32,12,43,2,7,
2014,10 ,018,4-mar,3,22,5,27,44,6,1,
2014,10 ,019,7-mar,38,10,40,5,41,1,8,
2014,11 ,020,11-mar,1,4,44,33,23,8,7,
2014,11 ,021,14-mar,30,24,6,27,25,9,5,
2014,12 ,022,18-mar,27,36,34,8,39,5,10,
2014,12 ,023,21-mar,37,7,39,30,42,7,5,
2014,13 ,024,25-mar,28,50,26,7,20,8,2,
2014,13 ,025,28-mar,3,43,19,28,4,3,7,
2014,14 ,026,1-abr,44,38,18,16,26,10,8,
2014,14 ,027,4-abr,50,45,28,6,10,10,11,
2014,15 ,028,8-abr,42,11,29,18,49,11,4,
2014,15 ,029,11-abr,8,33,30,12,19,4,11,
2014,16 ,030,15-abr,14,50,47,26,3,7,11,
2014,16 ,031,18-abr,21,47,31,39,24,3,7,
2014,17 ,032,22-abr,20,46,15,24,13,8,1,
2014,17 ,033,25-abr,13,49,44,21,24,9,1,
2014,18 ,034,29-abr,35,26,18,23,44,3,11,
2014,18 ,035,2-may,30,42,4,31,38,11,2,
2014,19,036,6-may,37,5,19,31,24,9,1,
2014,19,037,9-may,45,28,3,26,21,10,7,
2014,20,038,13-may,47,34,13,30,4,6,2,
2014,20,039,16-may,26,23,37,29,40,4,3,
2014,21,040,20-may,38,5,36,33,47,4,9,
2014,21,041,23-may,31,3,47,8,34,11,9,
2014,22,042,27-may,16,13,26,25,7,1,6,
2014,22,043,30-may,27,41,24,45,5,7,6,
2014,23,044,3-jun,2,39,32,15,44,5,10,
2014,23,045,6-jun,34,40,25,7,49,9,11,
2014,24,046,10-jun,12,18,21,33,32,1,11,
2014,24,047,13-jun,16,22,28,46,18,11,9,
2014,25,048,17-jun,48,13,37,40,11,8,9,
2014,25,049,20-jun,5,38,49,15,25,1,2,
2014,26,050,24-jun,20,1,7,21,48,4,7,
2014,26,051,27-jun,39,34,45,33,31,2,10,
2014,27,052,1-jul,39,25,18,22,27,5,10,
2014,27,053,4-jul,47,18,43,39,4,6,2,
2014,28,054,8-jul,24,18,22,8,27,11,4,
2014,28,055,11-jul,38,35,5,49,22,7,4,
2014,29,056,15-jul,18,27,15,34,20,1,3,
2014,29,057,18-jul,1,41,43,11,29,3,11,
2014,30,058,22-jul,1,43,50,45,24,5,8,
2014,30,059,25-jul,10,24,9,12,43,5,9,
2014,31,060,29-jul,40,23,35,10,43,9,3,
2014,31,061,1-ago,50,44,46,48,24,10,5,
2014,32,062,5-ago,5,21,42,7,19,11,5,
2014,32,063,8-ago,29,21,35,46,43,1,9,
2014,33,064,12-ago,22,19,7,16,33,5,2,
2014,33,065,15-ago,4,21,30,5,23,10,8,
2014,34,066,19-ago,11,34,47,4,7,7,8,
2014,34,067,22-ago,29,17,49,35,4,1,2,
2014,35,068,26-ago,36,48,45,10,22,11,4,
2014,35,069,29-ago,32,38,26,9,2,3,6,
2014,36,070,2-sep,39,45,25,31,5,8,1,
2014,36,071,5-sep,18,50,23,46,1,9,3,
2014,37,072,9-sep,15,35,19,8,24,10,8,
2014,37,073,12-sep,31,9,33,26,13,7,11,
2014,38,074,16-sep,4,30,35,50,29,4,2,
2014,38,075,19-sep,6,34,8,38,48,9,3,
2014,39,076,23-sep,13,35,14,29,12,1,7,
2014,39,077,26-sep,46,35,47,13,27,1,2,
2014,40,078,30-sep,33,13,15,3,42,5,7,
2014,40,079,3-oct,13,23,50,48,4,10,5,
2014,41,080,7-oct,38,30,21,9,28,8,1,
2014,41,081,10-oct,29,42,47,45,6,9,10,
2014,42,082,14-oct,15,23,32,4,5,7,3,
2014,42,083,17-oct,49,13,48,1,40,8,10,
2014,43,084,21-oct,40,33,27,20,21,3,10,
2014,43,085,24-oct,42,20,3,30,9,6,1,
2014,44,086,28-oct,45,17,40,10,15,1,2,
2014,44,087,31-oct,10,41,13,20,33,9,3,
2014,45,088,4-nov,1,13,6,26,17,3,5,
2014,45,089,7-nov,32,13,38,46,25,10,1,
2014,46,090,11-nov,46,14,36,2,21,11,7,
2014,46,091,14-nov,36,32,38,48,17,8,5,
2014,47,092,18-nov,3,2,36,38,17,11,4,
2014,47,093,21-nov,28,32,7,37,4,5,10,
2014,48,094,25-nov,32,7,36,3,25,1,6,
2014,48,095,28-nov,10,23,6,41,15,10,4,
2014,49,096,2-dic,15,25,3,49,44,9,1,
2014,49,097,5-dic,5,8,48,47,37,3,2,
2014,50,098,9-dic,31,1,3,42,46,11,4,
2014,50,099,12-dic,28,2,15,31,37,4,6,
2014,51,100,16-dic,13,7,3,25,12,5,8,
2014,51,101,19-dic,39,44,23,29,31,5,8,
2014,52,102,23-dic,49,25,9,19,8,10,2,
2014,52,103,26-dic,26,45,27,49,17,2,3,
2013,1 ,001,1-ene,36,49,2,7,8,11,1,
2013,1 ,002,4-ene,4,10,27,22,41,10,8,
2013,2 ,003,8-ene,22,26,47,2,20,9,5,
2013,2 ,004,11-ene,37,22,29,4,41,7,4,
2013,3 ,005,15-ene,47,42,22,40,38,11,1,
2013,3 ,006,18-ene,39,26,27,30,4,10,3,
2013,4 ,007,22-ene,45,10,48,1,44,4,1,
2013,4 ,008,25-ene,3,10,37,18,31,2,4,
2013,5 ,009,29-ene,9,16,36,26,39,6,2,
2013,5 ,010,1-feb,37,5,34,38,21,1,6,
2013,6 ,011,5-feb,25,6,45,40,31,6,7,
2013,6 ,012,8-feb,14,44,11,34,9,11,10,
2013,7 ,013,12-feb,28,25,5,11,16,7,9,
2013,7 ,014,15-feb,2,4,42,28,22,4,9,
2013,8 ,015,19-feb,28,30,44,12,15,9,8,
2013,8 ,016,22-feb,15,37,36,16,28,2,11,
2013,9 ,017,26-feb,12,13,17,3,30,6,2,
2013,9 ,018,1-mar,1,11,36,29,42,4,5,
2013,10 ,019,5-mar,33,31,19,8,39,7,2,
2013,10 ,020,8-mar,20,42,23,28,3,8,11,
2013,11 ,021,12-mar,50,4,10,2,22,5,8,
2013,11 ,022,15-mar,24,14,39,4,21,10,3,
2013,12 ,023,19-mar,44,32,19,37,35,9,1,
2013,12 ,024,22-mar,27,32,12,34,49,9,8,
2013,13 ,025,26-mar,44,30,26,42,4,6,11,
2013,13 ,026,29-mar,44,30,46,43,13,9,5,
2013,14 ,027,2-abr,17,12,41,29,25,1,4,
2013,14 ,028,5-abr,32,1,17,39,11,7,2,
2013,15 ,029,9-abr,15,44,48,38,35,10,5,
2013,15 ,030,12-abr,28,45,15,5,10,3,9,
2013,16 ,031,16-abr,33,50,22,1,11,4,6,
2013,16 ,032,19-abr,1,46,8,42,48,4,7,
2013,17 ,033,23-abr,50,4,1,7,10,4,11,
2013,17 ,034,26-abr,40,38,16,24,11,2,5,
2013,18 ,035,30-abr,13,50,40,43,36,9,5,
2013,18 ,036,3-may,5,49,34,3,40,2,3,
2013,19,037,7-may,43,27,13,28,42,4,6,
2013,19,038,10-may,48,35,45,1,32,4,11,
2013,20,039,14-may,24,7,8,36,27,11,5,
2013,20,040,17-may,25,24,50,6,20,9,10,
2013,21,041,21-may,29,19,8,28,7,9,5,
2013,21,042,24-may,22,17,40,7,27,2,3,
2013,22,043,28-may,34,38,13,8,26,3,11,
2013,22,044,31-may,29,43,28,34,27,10,5,
2013,23,045,4-jun,34,33,40,31,37,6,1,
2013,23,046,7-jun,14,26,45,50,7,2,7,
2013,24,047,11-jun,7,9,25,5,41,5,1,
2013,24,048,14-jun,41,25,48,10,47,6,10,
2013,25,049,18-jun,24,33,17,41,44,11,1,
2013,25,050,21-jun,30,11,36,45,10,1,2,
2013,26,051,25-jun,4,13,35,27,5,2,1,
2013,26,052,28-jun,15,1,47,28,35,7,1,
2013,27,053,2-jul,14,13,11,28,30,4,5,
2013,27,054,5-jul,28,4,33,12,15,1,10,
2013,28,055,9-jul,18,16,38,49,31,10,4,
2013,28,056,12-jul,26,42,33,18,32,3,2,
2013,29,057,16-jul,50,34,47,19,23,4,6,
2013,29,058,19-jul,24,35,13,26,16,5,2,
2013,30,059,23-jul,19,14,44,16,15,4,5,
2013,30,060,26-jul,23,38,29,12,49,4,3,
2013,31,061,30-jul,3,14,4,11,43,1,6,
2013,31,062,2-ago,42,36,48,37,21,7,4,
2013,32,063,6-ago,17,47,16,49,31,3,11,
2013,32,064,9-ago,24,4,23,7,9,9,8,
2013,33,065,13-ago,5,20,47,17,50,1,4,
2013,33,066,16-ago,39,20,24,37,27,5,10,
2013,34,067,20-ago,42,11,50,49,5,8,11,
2013,34,068,23-ago,30,37,26,6,1,8,5,
2013,35,069,27-ago,7,40,38,43,30,6,2,
2013,35,070,30-ago,45,25,17,36,2,5,9,
2013,36,071,3-sep,5,18,16,42,9,7,9,
2013,36,072,6-sep,25,11,32,23,37,7,4,
2013,37,073,10-sep,7,28,30,14,11,2,10,
2013,37,074,13-sep,14,27,6,4,33,10,5,
2013,38,075,17-sep,44,17,21,42,13,11,9,
2013,38,076,20-sep,5,11,38,35,45,2,3,
2013,39,077,24-sep,43,20,10,28,26,9,11,
2013,39,078,27-sep,41,15,11,38,43,6,2,
2013,40,079,1-oct,19,44,48,25,23,9,8,
2013,40,080,4-oct,50,35,6,24,20,5,10,
2013,41,081,8-oct,23,24,33,42,26,5,3,
2013,41,082,11-oct,6,17,23,12,43,5,9,
2013,42,083,15-oct,39,18,27,43,47,7,4,
2013,42,084,18-oct,25,36,47,46,5,2,6,
2013,43,085,22-oct,39,33,29,44,41,9,11,
2013,43,086,25-oct,2,31,38,3,10,6,10,
2013,44,087,29-oct,32,9,10,30,37,6,2,
2013,44,088,1-nov,19,33,29,30,7,3,8,
2013,45,089,5-nov,35,38,12,13,6,2,3,
2013,45,090,8-nov,35,20,42,43,28,8,10,
2013,46,091,12-nov,29,48,40,37,14,11,2,
2013,46,092,15-nov,13,42,3,15,29,4,1,
2013,47,093,19-nov,45,14,19,36,15,1,10,
2013,47,094,22-nov,40,26,13,25,50,8,9,
2013,48,095,26-nov,44,27,23,42,19,5,3,
2013,48,096,29-nov,10,23,7,2,43,4,7,
2013,49,097,3-dic,32,6,29,15,13,2,9,
2013,49,098,6-dic,18,31,36,2,1,7,10,
2013,50,099,10-dic,49,50,24,6,35,7,1,
2013,50,100,13-dic,24,22,23,1,31,6,11,
2013,51,101,17-dic,41,6,8,37,27,7,10,
2013,51,102,20-dic,13,22,17,43,12,10,3,
2013,52,103,24-dic,5,31,43,50,19,6,2,
2013,52,104,27-dic,1,22,6,13,28,10,5,
2012,1 ,001,3-ene,42,30,45,3,49,5,10,
2012,1 ,002,6-ene,1,6,10,31,12,7,2,
2012,2 ,003,10-ene,9,4,30,10,40,9,2,
2012,2 ,004,13-ene,39,13,21,14,27,8,6,
2012,3 ,005,17-ene,12,44,22,30,31,5,6,
2012,3 ,006,20-ene,10,28,27,2,22,8,6,
2012,4 ,007,24-ene,1,20,6,2,36,11,8,
2012,4 ,008,27-ene,10,19,44,13,39,6,2,
2012,5 ,009,31-ene,43,34,38,9,45,4,2,
2012,5 ,010,3-feb,16,20,19,25,28,1,10,
2012,6 ,011,7-feb,15,3,17,33,28,2,4,
2012,6 ,012,10-feb,3,14,31,41,8,7,11,
2012,7 ,013,14-feb,36,14,42,46,27,11,8,
2012,7 ,014,17-feb,11,4,47,28,38,11,10,
2012,8 ,015,21-feb,11,24,14,25,29,11,7,
2012,8 ,016,24-feb,3,7,12,26,34,8,10,
2012,9 ,017,28-feb,10,48,1,17,33,2,3,
2012,9 ,018,2-mar,44,5,11,6,30,6,2,
2012,10 ,019,6-mar,23,47,27,37,24,6,2,
2012,10 ,020,9-mar,39,36,32,47,3,6,9,
2012,11 ,021,13-mar,47,1,25,10,43,8,9,
2012,11 ,022,16-mar,12,4,50,3,23,4,7,
2012,12 ,023,20-mar,28,30,15,16,46,3,4,
2012,12 ,024,23-mar,50,15,9,23,31,8,11,
2012,13 ,025,27-mar,29,36,27,34,24,7,8,
2012,13 ,026,30-mar,46,17,23,4,36,10,6,
2012,14 ,027,3-abr,1,8,18,25,30,10,9,
2012,14 ,028,6-abr,11,35,45,20,30,2,3,
2012,15 ,029,10-abr,37,27,22,25,36,9,5,
2012,15 ,030,13-abr,8,39,43,13,26,3,5,
2012,16 ,031,17-abr,10,28,49,48,33,10,1,
2012,16 ,032,20-abr,32,41,29,3,6,11,10,
2012,17 ,033,24-abr,8,24,48,43,9,3,5,
2012,17 ,034,27-abr,36,43,30,27,20,1,6,
2012,18 ,035,1-may,4,15,41,5,19,11,9,
2012,18 ,036,4-may,26,41,40,39,3,1,2,
2012,19,037,8-may,3,34,48,38,21,5,8,
2012,19,038,11-may,1,17,13,44,38,2,11,
2012,20,039,15-may,13,2,50,11,26,5,2,
2012,20,040,18-may,29,50,43,47,13,9,11,
2012,21,041,22-may,31,32,41,16,37,7,1,
2012,21,042,25-may,35,12,22,49,46,2,8,
2012,22,043,29-may,28,17,25,15,8,3,11,
2012,22,044,1-jun,26,2,36,14,4,9,10,
2012,23,045,5-jun,13,49,37,47,34,8,9,
2012,23,046,8-jun,11,22,5,34,40,9,11,
2012,24,047,12-jun,30,26,48,15,8,9,10,
2012,24,048,15-jun,48,38,27,22,10,3,7,
2012,25,049,19-jun,17,20,50,7,35,5,11,
2012,25,050,22-jun,18,14,19,43,49,7,3,
2012,26,051,26-jun,11,22,35,20,1,10,8,
2012,26,052,29-jun,14,17,28,39,29,11,1,
2012,27,053,3-jul,22,7,2,40,27,6,3,
2012,27,054,6-jul,40,42,38,31,32,3,1,
2012,28,055,10-jul,37,1,24,16,3,8,1,
2012,28,056,13-jul,18,46,35,25,8,9,4,
2012,29,057,17-jul,24,2,43,7,46,10,8,
2012,29,058,20-jul,19,23,10,45,49,9,10,
2012,30,059,24-jul,18,25,4,16,44,11,1,
2012,30,060,27-jul,15,48,14,23,21,2,10,
2012,31,061,31-jul,35,39,4,36,29,9,8,
2012,31,062,3-ago,34,35,42,24,46,5,1,
2012,32,063,7-ago,20,50,34,46,27,3,2,
2012,32,064,10-ago,50,21,17,48,11,9,10,
2012,33,065,14-ago,45,16,42,1,38,9,10,
2012,33,066,17-ago,19,25,33,44,28,8,10,
2012,34,067,21-ago,17,5,38,4,48,4,3,
2012,34,068,24-ago,6,5,19,37,12,7,3,
2012,35,069,28-ago,1,26,25,44,18,5,4,
2012,35,070,31-ago,31,28,16,48,33,11,7,
2012,36,071,4-sep,18,39,17,44,11,10,5,
2012,36,072,7-sep,15,35,13,30,42,4,6,
2012,37,073,11-sep,15,6,37,22,44,2,4,
2012,37,074,14-sep,27,10,44,23,3,9,7,
2012,38,075,18-sep,38,7,39,44,6,7,9,
2012,38,076,21-sep,41,4,34,43,19,7,11,
2012,39,077,25-sep,48,25,27,49,7,1,4,
2012,39,078,28-sep,20,23,26,30,33,6,9,
2012,40,079,2-oct,16,42,21,36,4,8,7,
2012,40,080,5-oct,19,16,18,21,9,3,2,
2012,41,081,9-oct,23,8,10,25,2,8,9,
2012,41,082,12-oct,35,7,17,43,6,2,8,
2012,42,083,16-oct,41,10,40,49,32,2,8,
2012,42,084,19-oct,16,40,44,37,29,8,10,
2012,43,085,23-oct,1,35,38,50,28,2,10,
2012,43,086,26-oct,9,5,6,38,27,5,11,
2012,44,087,30-oct,23,44,25,24,31,2,3,
2012,44,088,2-nov,6,10,3,44,11,3,4,
2012,45,089,6-nov,35,25,20,41,7,1,9,
2012,45,090,9-nov,47,28,14,21,22,5,4,
2012,46,091,13-nov,29,11,21,24,16,6,2,
2012,46,092,16-nov,15,19,41,23,10,2,9,
2012,47,093,20-nov,42,28,45,30,49,10,5,
2012,47,094,23-nov,11,20,40,9,1,5,1,
2012,48,095,27-nov,49,44,6,10,23,7,1,
2012,48,096,30-nov,18,23,40,24,10,3,4,
2012,49,097,4-dic,29,5,28,44,10,2,4,
2012,49,098,7-dic,10,18,31,42,16,2,5,
2012,50,099,11-dic,50,4,9,1,43,6,8,
2012,50,100,14-dic,40,29,11,43,10,11,3,
2012,51,101,18-dic,35,14,44,18,20,5,2,
2012,51,102,21-dic,40,5,3,42,22,3,10,
2012,52,103,25-dic,14,20,32,23,18,3,10,
2012,52,104,28-dic,26,49,27,24,17,3,5,
2011,1 ,001,7-ene,32,22,1,48,50,7,6,
2011,2 ,002,14-ene,44,2,24,14,39,7,6,
2011,3 ,003,21-ene,21,11,13,3,18,5,4,
2011,4 ,004,28-ene,41,24,23,42,13,5,1,
2011,5 ,005,4-feb,47,35,11,2,24,5,9,
2011,6 ,006,11-feb,15,14,12,19,23,7,8,
2011,7 ,007,18-feb,45,3,49,15,2,9,5,
2011,8 ,008,25-feb,42,45,13,48,12,3,9,
2011,9 ,009,4-mar,28,41,25,11,27,8,5,
2011,10 ,010,11-mar,17,24,37,19,46,2,7,
2011,11 ,011,18-mar,50,13,26,1,20,7,6,
2011,12 ,012,25-mar,12,21,6,33,27,7,3,
2011,13 ,013,1-abr,17,33,22,21,4,4,8,
2011,14 ,014,8-abr,21,47,23,38,50,6,2,
2011,15 ,015,15-abr,4,41,6,21,39,2,6,
2011,16 ,016,22-abr,22,45,48,11,36,1,4,
2011,17 ,017,29-abr,38,40,25,15,41,1,2,
2011,18 ,018,6-may,28,16,20,22,11,4,9,
2011,19,019,10-may,28,3,45,10,15,7,5,
2011,19,020,13-may,17,47,11,36,9,2,1,
2011,20,021,17-may,37,20,21,45,46,3,2,
2011,20,022,20-may,42,25,10,20,14,8,11,
2011,21,023,24-may,16,23,24,29,26,2,9,
2011,21,024,27-may,28,9,49,25,17,9,8,
2011,22,025,31-may,22,9,10,50,1,11,5,
2011,22,026,3-jun,49,40,50,39,4,2,5,
2011,23,027,7-jun,25,38,40,6,36,10,4,
2011,23,028,10-jun,37,20,3,48,19,8,11,
2011,24,029,14-jun,41,19,48,5,12,8,10,
2011,24,030,17-jun,11,22,21,16,44,8,3,
2011,25,031,21-jun,49,50,20,17,35,4,3,
2011,25,032,24-jun,41,20,5,30,16,11,6,
2011,26,033,28-jun,16,15,44,30,50,3,2,
2011,26,034,1-jul,11,23,31,8,46,9,8,
2011,27,035,5-jul,28,47,29,11,49,5,1,
2011,27,036,8-jul,12,13,40,49,23,7,10,
2011,28,037,12-jul,19,17,42,45,38,9,10,
2011,28,038,15-jul,26,6,33,39,34,3,4,
2011,29,039,19-jul,16,3,25,35,26,5,9,
2011,29,040,22-jul,4,50,15,49,23,2,6,
2011,30,041,26-jul,5,1,25,48,22,11,3,
2011,30,042,29-jul,37,38,19,27,12,5,10,
2011,31,043,2-ago,8,33,14,24,5,8,3,
2011,31,044,5-ago,34,32,18,14,13,1,10,
2011,32,045,9-ago,36,24,34,7,23,11,8,
2011,32,046,12-ago,7,20,37,10,27,7,4,
2011,33,047,16-ago,45,18,1,13,17,8,3,
2011,33,048,19-ago,16,6,31,28,14,11,2,
2011,34,049,23-ago,42,50,6,14,4,2,4,
2011,34,050,26-ago,25,45,22,33,12,5,7,
2011,35,051,30-ago,46,8,2,10,19,5,9,
2011,35,052,2-sep,37,12,26,38,44,4,7,
2011,36,053,6-sep,42,35,50,48,47,9,8,
2011,36,054,9-sep,21,5,34,31,28,2,1,
2011,37,055,13-sep,28,32,49,9,30,9,10,
2011,37,056,16-sep,39,2,42,17,8,3,10,
2011,38,057,20-sep,25,38,19,9,36,11,7,
2011,38,058,23-sep,6,33,48,14,34,6,2,
2011,39,059,27-sep,28,18,40,27,35,3,5,
2011,39,060,30-sep,28,15,44,31,5,1,6,
2011,40,061,4-oct,14,16,23,45,38,8,11,
2011,40,062,7-oct,42,34,18,38,26,8,5,
2011,41,063,11-oct,12,16,4,1,48,9,10,
2011,41,064,14-oct,47,23,12,29,32,3,5,
2011,42,065,18-oct,46,18,37,48,23,2,10,
2011,42,066,21-oct,37,19,2,33,46,5,8,
2011,43,067,25-oct,39,28,22,12,27,4,10,
2011,43,068,28-oct,39,16,20,17,50,4,8,
2011,44,069,1-nov,20,45,23,14,46,1,11,
2011,44,070,4-nov,11,14,41,43,50,2,9,
2011,45,071,8-nov,40,15,4,29,1,1,5,
2011,45,072,11-nov,30,18,1,4,23,3,7,
2011,46,073,15-nov,47,17,22,6,45,3,11,
2011,46,074,18-nov,39,44,24,4,12,2,4,
2011,47,075,22-nov,16,40,38,24,18,2,4,
2011,47,076,25-nov,16,40,38,24,18,2,4,
2011,48,077,29-nov,25,50,11,45,41,7,2,
2011,48,078,2-dic,27,40,7,43,30,9,8,
2011,49,079,6-dic,34,21,20,38,19,9,3,
2011,49,080,9-dic,21,12,47,44,29,2,1,
2011,50,081,13-dic,12,37,18,33,7,1,11,
2011,50,082,16-dic,10,2,23,31,5,5,2,
2011,51,083,20-dic,14,48,1,9,12,7,1,
2011,51,084,23-dic,7,21,22,24,28,1,11,
2011,52,085,27-dic,26,21,25,19,44,7,3,
2011,52,086,30-dic,36,44,43,16,50,8,7,
2010,SORTEO,FECHA,COMBINACION GANADORA,,,,,,,,
2010,2010,NÚMEROS,ESTRELLAS,,,,,,,,
2010,1 ,1 ,08-ene,44,5,14,4,46,9,8,
2010,2 ,2 ,15-ene,49,50,26,29,11,4,7,
2010,3 ,3 ,22-ene,4,44,27,22,36,9,7,
2010,4 ,4 ,29-ene,39,43,30,17,9,7,5,
2010,5 ,5 ,05-feb,46,38,34,35,39,3,4,
2010,6 ,6 ,12-feb,5,45,1,38,18,6,4,
2010,7 ,7 ,19-feb,37,12,38,31,43,3,2,
2010,8 ,8 ,26-feb,42,11,29,7,18,7,6,
2010,9 ,9 ,05-mar,19,18,49,12,43,9,3,
2010,10 ,10 ,12-mar,46,1,26,36,33,7,6,
2010,11 ,11 ,19-mar,38,28,30,39,10,7,2,
2010,12 ,12 ,26-mar,18,37,8,16,43,2,6,
2010,13 ,13 ,02-abr,26,18,12,24,45,5,4,
2010,14 ,14 ,09-abr,44,23,24,21,7,3,4,
2010,15 ,15 ,16-abr,17,11,26,40,9,9,3,
2010,16 ,16 ,23-abr,46,3,7,8,43,6,8,
2010,17 ,17 ,30-abr,6,36,22,25,24,3,8,
2010,18 ,18 ,07-may,15,21,6,3,32,7,9,
2010,19 ,19 ,14-may,17,31,43,47,1,3,2,
2010,20 ,20 ,21-may,38,19,50,7,30,4,7,
2010,21 ,21 ,28-may,9,31,32,33,4,3,7,
2010,22 ,22 ,04-jun,34,42,17,40,4,9,4,
2010,23 ,23 ,11-jun,44,2,36,22,24,2,1,
2010,24 ,24 ,18-jun,2,29,31,38,32,4,1,
2010,25 ,25 ,25-jun,18,1,8,28,31,9,8,
2010,26 ,26 ,02-jul,46,41,36,13,12,8,1,
2010,27 ,27 ,09-jul,37,9,49,24,39,3,9,
2010,28 ,28 ,16-jul,49,46,45,39,38,7,8,
2010,29 ,29 ,23-jul,4,13,37,35,46,9,3,
2010,30 ,30 ,30-jul,39,11,3,4,28,8,2,
2010,31 ,31 ,06-ago,42,28,13,29,25,4,5,
2010,32 ,32 ,13-ago,15,9,47,21,4,7,2,
2010,33 ,33 ,20-ago,27,31,5,42,40,6,1,
2010,34 ,34 ,27-ago,13,6,30,1,49,1,9,
2010,35 ,35 ,03-sep,24,49,47,26,13,4,8,
2010,36 ,36 ,10-sep,35,41,21,45,17,5,1,
2010,37 ,37 ,17-sep,50,27,38,17,29,3,1,
2010,38 ,38 ,24-sep,1,16,48,4,40,1,9,
2010,39 ,39 ,01-oct,4,27,6,48,1,1,6,
2010,40 ,40 ,08-oct,46,35,39,30,9,6,8,
2010,41 ,41 ,15-oct,38,31,2,36,43,7,3,
2010,42 ,42 ,22-oct,39,5,11,9,4,3,5,
2010,43 ,43 ,29-oct,32,22,16,42,20,8,9,
2010,44 ,44 ,05-nov,21,23,33,50,40,5,4,
2010,45 ,45 ,12-nov,23,47,7,19,29,6,1,
2010,46 ,46 ,19-nov,36,12,15,45,32,9,7,
2010,47 ,47 ,26-nov,9,41,36,49,28,7,5,
2010,48 ,48 ,03-dic,28,32,46,8,19,4,7,
2010,49 ,49 ,10-dic,46,2,10,3,33,8,7,
2010,50 ,50 ,17-dic,3,35,29,42,20,3,8,
2010,51 ,51 ,24-dic,46,19,42,36,38,8,2,
2010,52 ,52 ,31-dic,2,24,43,38,34,1,7,
2009,SORTEO,FECHA,COMBINACION GANADORA,,,,,,,,
2009,2009,NÚMEROS,ESTRELLAS,,,,,,,,
2009,1,1,02-ene,48,30,29,37,36,1,6,
2009,2,2,09-ene,22,7,15,28,48,4,1,
2009,3,3,16-ene,50,22,17,3,49,3,6,
2009,4,4,23-ene,36,49,33,40,32,2,8,
2009,5,5,30-ene,4,34,35,46,29,5,8,
2009,6,6,06-feb,36,30,20,40,10,3,5,
2009,7,7,13-feb,33,36,40,22,42,1,2,
2009,8,8,20-feb,13,48,9,12,14,1,2,
2009,9,9,27-feb,9,44,5,37,45,9,6,
2009,10,10,06-mar,13,35,25,17,19,5,6,
2009,11,11,13-mar,36,42,26,12,24,1,4,
2009,12,12,20-mar,31,12,35,23,16,4,6,
2009,13,13,27-mar,25,42,36,33,38,6,7,
2009,14,14,03-abr,46,24,32,20,2,1,9,
2009,15,15,10-abr,37,14,9,46,16,2,4,
2009,16,16,17-abr,7,4,21,44,47,1,5,
2009,17,17,24-abr,21,4,24,14,41,5,8,
2009,18,18,01-may,38,47,31,19,5,3,5,
2009,19,19,08-may,4,29,23,31,24,9,8,
2009,20,20,15-may,19,8,42,18,20,5,9,
2009,21,21,22-may,43,4,14,33,13,6,1,
2009,22,22,29-may,30,47,2,37,5,6,3,
2009,23,23,05-jun,35,19,40,26,11,2,5,
2009,24,24,12-jun,50,14,6,16,34,6,4,
2009,25,25,19-jun,20,17,16,4,29,7,5,
2009,26,26,26-jun,21,6,11,39,30,8,2,
2009,27,27,03-jul,29,47,46,34,21,6,8,
2009,28,28,10-jul,42,20,6,16,46,1,6,
2009,29,29,17-jul,17,50,8,2,32,3,7,
2009,30,30,24-jul,15,47,35,25,14,9,5,
2009,31,31,31-jul,26,9,20,21,5,6,3,
2009,32,32,07-ago,22,10,31,24,20,7,2,
2009,33,33,14-ago,30,5,8,49,24,9,3,
2009,34,34,21-ago,16,42,31,7,4,5,3,
2009,35,35,28-ago,37,41,49,36,8,7,5,
2009,36,36,04-sep,20,39,6,9,38,9,3,
2009,37,37,11-sep,42,15,12,35,43,6,4,
2009,38,38,18-sep,30,16,41,38,6,2,4,
2009,39,39,25-sep,6,21,18,17,34,9,3,
2009,40,40,02-oct,44,29,24,23,22,5,1,
2009,41,41,09-oct,29,11,46,7,50,4,7,
2009,42,42,16-oct,23,30,31,47,12,3,4,
2009,43,43,23-oct,20,6,18,29,31,8,2,
2009,44,44,30-oct,35,9,33,38,40,2,6,
2009,45,45,06-nov,19,43,45,34,11,5,9,
2009,46,46,13-nov,15,25,32,26,13,4,3,
2009,47,47,20-nov,47,9,28,5,43,2,9,
2009,48,48,27-nov,33,15,13,5,8,8,9,
2009,49,49,04-dic,25,30,19,18,44,3,1,
2009,50,50,11-dic,41,43,44,46,20,2,9,
2009,51,51,18-dic,49,30,35,32,14,8,3,
2009,52,52,25-dic,4,17,5,34,14,5,3,
2008,SORTEO,FECHA,COMBINACION GANADORA,,,,,,,,
2008,2008,NÚMEROS,ESTRELLAS,,,,,,,,
2008,1 ,1 ,04-ene,41,24,10,12,25,3,5,
2008,2 ,2 ,11-ene,24,36,50,8,49,4,8,
2008,3 ,3 ,18-ene,46,40,16,14,23,8,4,
2008,4 ,4 ,25-ene,2,19,9,45,6,7,8,
2008,5 ,5 ,01-feb,30,49,45,47,22,4,9,
2008,6 ,6 ,08-feb,17,38,28,44,30,1,4,
2008,7 ,7 ,15-feb,27,45,12,29,46,7,4,
2008,8 ,8 ,22-feb,46,50,4,27,32,8,9,
2008,9 ,9 ,29-feb,37,47,49,40,12,9,2,
2008,10 ,10 ,07-mar,14,17,7,35,2,6,1,
2008,11 ,11 ,14-mar,13,48,35,21,25,4,8,
2008,12 ,12 ,21-mar,10,2,22,18,36,6,4,
2008,13 ,13 ,28-mar,39,9,29,5,17,3,6,
2008,14 ,14 ,04-abr,18,37,47,13,11,6,1,
2008,15 ,15 ,11-abr,50,30,25,45,6,5,7,
2008,16 ,16 ,18-abr,27,6,7,50,3,5,9,
2008,17 ,17 ,25-abr,4,30,26,19,27,8,3,
2008,18 ,18 ,02-may,26,48,45,37,2,8,4,
2008,19 ,19 ,09-may,8,9,42,40,45,7,6,
2008,20 ,20 ,16-may,6,38,9,25,15,4,9,
2008,21 ,21 ,23-may,5,38,9,19,21,1,7,
2008,22 ,22 ,30-may,14,20,49,7,5,8,2,
2008,23 ,23 ,06-jun,21,40,19,50,7,2,9,
2008,24 ,24 ,13-jun,16,37,44,50,13,9,1,
2008,25 ,25 ,20-jun,11,8,36,37,45,3,5,
2008,26 ,26 ,27-jun,20,44,5,50,26,5,7,
2008,27 ,27 ,04-jul,19,22,48,7,27,7,5,
2008,28 ,28 ,11-jul,37,19,11,13,9,3,4,
2008,29 ,29 ,18-jul,16,14,44,10,29,6,5,
2008,30 ,30 ,25-jul,29,7,15,24,11,7,2,
2008,31 ,31 ,01-ago,25,40,22,50,1,1,8,
2008,32 ,32 ,08-ago,15,5,16,45,4,7,4,
2008,33 ,33 ,15-ago,18,11,17,26,31,6,5,
2008,34 ,34 ,22-ago,50,27,29,39,7,7,5,
2008,35 ,35 ,29-ago,2,20,37,25,39,8,5,
2008,36 ,36 ,05-sep,17,12,39,16,7,3,8,
2008,37 ,37 ,12-sep,23,33,37,19,50,7,3,
2008,38 ,38 ,19-sep,14,16,19,31,20,9,6,
2008,39 ,39 ,26-sep,31,29,33,14,37,2,1,
2008,40 ,40 ,03-oct,4,38,13,19,23,2,3,
2008,41 ,41 ,10-oct,15,31,22,4,41,6,1,
2008,42 ,42 ,17-oct,50,12,10,3,42,1,5,
2008,43 ,43 ,24-oct,45,7,15,16,17,6,9,
2008,44 ,44 ,31-oct,34,25,3,41,18,5,2,
2008,45 ,45 ,07-nov,9,1,17,12,18,3,4,
2008,46 ,46 ,14-nov,14,26,10,8,21,4,3,
2008,47 ,47 ,21-nov,50,49,21,9,14,8,3,
2008,48 ,48 ,28-nov,8,25,11,41,16,4,2,
2008,49 ,49 ,05-dic,35,8,21,45,4,5,8,
2008,50 ,50 ,12-dic,2,19,42,28,49,7,2,
2008,51 ,51 ,19-dic,29,50,46,28,40,5,7,
2008,52 ,52 ,26-dic,44,26,2,1,50,1,7,
2007,SORTEO,FECHA,COMBINACION GANADORA,,,,,,,,
2007,2007,NÚMEROS,ESTRELLAS,,,,,,,,
2007,1 ,1 ,05-ene,17,45,36,29,19,6,5,
2007,2 ,2 ,12-ene,14,8,25,19,11,3,5,
2007,3 ,3 ,19-ene,27,5,13,33,42,4,2,
2007,4 ,4 ,26-ene,38,11,23,15,30,4,9,
2007,5 ,5 ,02-feb,36,14,27,23,30,1,6,
2007,6 ,6 ,09-feb,36,16,46,30,14,8,2,
2007,7 ,7 ,16-feb,19,39,20,50,8,6,9,
2007,8 ,8 ,23-feb,20,2,22,18,15,5,2,
2007,9 ,9 ,02-mar,3,16,48,34,38,8,5,
2007,10 ,10 ,09-mar,43,25,3,2,48,9,6,
2007,11 ,11 ,16-mar,45,4,31,49,14,9,4,
2007,12 ,12 ,23-mar,43,17,5,40,13,3,1,
2007,13 ,13 ,30-mar,19,9,46,17,41,1,8,
2007,14 ,14 ,06-abr,41,48,29,23,15,6,3,
2007,15 ,15 ,13-abr,20,41,38,7,25,3,7,
2007,16 ,16 ,20-abr,41,26,32,45,23,3,7,
2007,17 ,17 ,27-abr,44,18,7,36,27,1,2,
2007,18 ,18 ,04-may,17,41,35,6,45,1,5,
2007,19 ,19 ,11-may,12,26,49,7,29,6,2,
2007,20 ,20 ,18-may,49,37,34,26,39,2,6,
2007,21 ,21 ,25-may,49,26,50,29,25,8,7,
2007,22 ,22 ,01-jun,22,41,42,37,6,6,9,
2007,23 ,23 ,08-jun,15,17,25,45,1,8,2,
2007,24 ,24 ,15-jun,5,14,40,7,21,3,8,
2007,25 ,25 ,22-jun,22,17,16,11,34,5,6,
2007,26 ,26 ,29-jun,28,8,33,45,12,1,3,
2007,27 ,27 ,06-jul,39,41,4,19,5,9,8,
2007,28 ,28 ,13-jul,13,9,31,15,48,6,3,
2007,29 ,29 ,20-jul,50,26,10,21,25,9,4,
2007,30 ,30 ,27-jul,4,29,21,1,41,8,7,
2007,31 ,31 ,03-ago,41,33,37,30,10,1,8,
2007,32 ,32 ,10-ago,40,43,49,42,23,6,2,
2007,33 ,33 ,17-ago,2,13,42,3,38,7,8,
2007,34 ,34 ,24-ago,16,3,42,1,48,2,3,
2007,35 ,35 ,31-ago,22,37,23,18,6,6,5,
2007,36 ,36 ,07-sep,42,3,34,2,33,5,3,
2007,37 ,37 ,14-sep,33,29,5,9,11,7,9,
2007,38 ,38 ,21-sep,35,37,17,1,32,8,1,
2007,39 ,39 ,28-sep,22,34,44,30,35,4,5,
2007,40 ,40 ,05-oct,20,27,35,44,11,5,2,
2007,41 ,41 ,12-oct,36,47,21,32,46,3,4,
2007,42 ,42 ,19-oct,7,18,34,35,40,7,8,
2007,43 ,43 ,26-oct,20,7,38,40,43,8,1,
2007,44 ,44 ,02-nov,40,16,3,19,18,2,1,
2007,45 ,45 ,09-nov,14,25,36,5,22,6,5,
2007,46 ,46 ,16-nov,23,18,33,37,9,1,8,
2007,47 ,47 ,23-nov,22,2,48,29,10,9,3,
2007,48 ,48 ,30-nov,38,20,12,19,30,9,7,
2007,49 ,49 ,07-dic,48,43,4,2,32,1,7,
2007,50 ,50 ,14-dic,8,30,36,25,44,4,3,
2007,51 ,51 ,21-dic,37,7,44,28,9,7,6,
2007,52 ,52 ,28-dic,45,31,20,22,21,9,7,
2006,SORTEO,FECHA,COMBINACION GANADORA,,,,,,,,
2006,2006,NÚMEROS,ESTRELLAS,,,,,,,,
2006,1 ,1 ,06-ene,6,26,14,9,2,4,5,
2006,2 ,2 ,13-ene,12,19,33,34,8,1,6,
2006,3 ,3 ,20-ene,15,12,50,33,44,6,2,
2006,4 ,4 ,27-ene,9,21,15,40,49,4,1,
2006,5 ,5 ,03-feb,30,39,9,21,50,3,1,
2006,6 ,6 ,10-feb,5,38,6,48,50,6,7,
2006,7 ,7 ,17-feb,4,23,38,24,26,4,2,
2006,8 ,8 ,24-feb,18,19,1,47,11,7,3,
2006,9 ,9 ,03-mar,5,44,10,8,3,3,5,
2006,10 ,10 ,10-mar,1,33,21,45,49,4,8,
2006,11 ,11 ,17-mar,50,44,5,45,32,7,1,
2006,12 ,12 ,24-mar,17,47,28,33,35,4,9,
2006,13 ,13 ,31-mar,50,3,45,20,31,7,6,
2006,14 ,14 ,07-abr,13,12,29,50,44,4,5,
2006,15 ,15 ,14-abr,34,35,26,16,49,6,2,
2006,16 ,16 ,21-abr,46,1,22,20,37,1,9,
2006,17 ,17 ,28-abr,17,5,33,22,10,7,5,
2006,18 ,18 ,05-may,8,50,16,4,14,9,3,
2006,19 ,19 ,12-may,23,5,20,34,50,1,5,
2006,20 ,20 ,19-may,49,34,25,3,5,8,5,
2006,21 ,21 ,26-may,21,41,12,2,49,3,7,
2006,22 ,22 ,02-jun,41,7,48,27,8,6,1,
2006,23 ,23 ,09-jun,3,34,39,15,12,4,6,
2006,24 ,24 ,16-jun,26,36,1,16,30,9,3,
2006,25 ,25 ,23-jun,44,30,9,21,43,9,1,
2006,26 ,26 ,30-jun,16,6,15,40,43,1,2,
2006,27 ,27 ,07-jul,35,9,7,43,18,7,5,
2006,28 ,28 ,14-jul,1,31,7,17,36,8,2,
2006,29 ,29 ,21-jul,50,4,38,2,9,8,6,
2006,30 ,30 ,28-jul,3,43,29,8,12,6,7,
2006,31 ,31 ,04-ago,26,15,32,14,1,7,3,
2006,32 ,32 ,11-ago,47,31,46,28,27,5,2,
2006,33 ,33 ,18-ago,37,40,50,12,39,1,2,
2006,34 ,34 ,25-ago,47,10,28,48,40,8,6,
2006,35 ,35 ,01-sep,25,50,7,45,3,9,6,
2006,36 ,36 ,08-sep,12,10,32,33,1,8,1,
2006,37 ,37 ,15-sep,10,49,26,6,16,7,9,
2006,38 ,38 ,22-sep,30,45,49,29,10,8,3,
2006,39 ,39 ,29-sep,1,3,24,6,18,5,8,
2006,40 ,40 ,06-oct,5,35,11,22,38,7,8,
2006,41 ,41 ,13-oct,2,32,38,41,25,5,3,
2006,42 ,42 ,20-oct,10,34,47,19,45,6,3,
2006,43 ,43 ,27-oct,3,50,44,4,8,8,7,
2006,44 ,44 ,03-nov,13,11,44,24,49,9,3,
2006,45 ,45 ,10-nov,36,30,14,27,21,2,3,
2006,46 ,46 ,17-nov,36,12,33,22,32,2,6,
2006,47 ,47 ,24-nov,8,5,40,25,17,5,1,
2006,48 ,48 ,01-dic,16,37,8,41,4,2,5,
2006,49 ,49 ,08-dic,47,36,17,16,18,1,2,
2006,50 ,50 ,15-dic,35,37,9,42,23,3,7,
2006,51 ,51 ,22-dic,20,11,43,9,38,2,3,
2006,52 ,52 ,29-dic,14,9,6,13,35,3,4,
2005,SORTEO,FECHA,COMBINACION GANADORA,,,,,,,,
2005,2005,NÚMEROS,ESTRELLAS,,,,,,,,
2005,1 ,1 ,07-ene,50,27,47,3,23,3,2,
2005,2 ,2 ,14-ene,11,14,29,6,19,3,1,
2005,3 ,3 ,21-ene,12,14,10,26,24,8,5,
2005,4 ,4 ,28-ene,26,21,7,43,45,5,7,
2005,5 ,5 ,04-feb,11,1,40,30,8,7,8,
2005,6 ,6 ,11-feb,11,13,25,32,50,7,4,
2005,7 ,7 ,18-feb,32,46,20,21,26,8,9,
2005,8 ,8 ,25-feb,43,3,27,44,30,8,4,
2005,9 ,9 ,04-mar,12,32,37,39,24,7,9,
2005,10 ,10 ,11-mar,40,12,43,23,8,1,4,
2005,11 ,11 ,18-mar,48,39,23,6,43,5,7,
2005,12 ,12 ,25-mar,29,33,38,4,37,9,6,
2005,13 ,13 ,01-abr,26,44,47,25,41,3,7,
2005,14 ,14 ,08-abr,31,50,25,11,7,3,1,
2005,15 ,15 ,15-abr,6,31,42,38,28,9,3,
2005,16 ,16 ,22-abr,13,10,24,47,3,9,5,
2005,17 ,17 ,29-abr,42,35,9,3,39,1,8,
2005,18 ,18 ,06-may,44,21,12,7,26,6,8,
2005,19 ,19 ,13-may,12,40,31,17,32,9,2,
2005,20 ,20 ,20-may,28,6,47,7,13,8,5,
2005,21 ,21 ,27-may,50,48,31,2,24,9,4,
2005,22 ,22 ,03-jun,8,11,3,17,50,5,1,
2005,23 ,23 ,10-jun,37,32,47,7,6,7,1,
2005,24 ,24 ,17-jun,8,4,10,21,18,7,1,
2005,25 ,25 ,24-jun,6,15,8,14,45,7,8,
2005,26 ,26 ,01-jul,23,28,5,4,25,3,4,
2005,27 ,27 ,08-jul,42,46,36,35,49,8,2,
2005,28 ,28 ,15-jul,42,23,1,11,12,6,3,
2005,29 ,29 ,22-jul,49,14,41,3,48,1,4,
2005,30 ,30 ,29-jul,50,3,19,49,26,5,4,
2005,31 ,31 ,05-ago,21,11,2,22,30,4,6,
2005,32 ,32 ,12-ago,37,23,40,15,30,7,9,
2005,33 ,33 ,19-ago,41,29,11,24,31,3,1,
2005,34 ,34 ,26-ago,29,35,40,41,9,6,1,
2005,35 ,35 ,02-sep,43,3,4,50,14,3,6,
2005,36 ,36 ,09-sep,31,12,50,19,8,7,6,
2005,37 ,37 ,16-sep,19,38,12,13,21,3,9,
2005,38 ,38 ,23-sep,1,31,34,26,47,4,9,
2005,39 ,39 ,30-sep,11,50,48,6,47,1,6,
2005,40 ,40 ,07-oct,26,44,21,13,2,3,9,
2005,41 ,41 ,14-oct,10,19,11,23,20,6,1,
2005,42 ,42 ,21-oct,19,14,33,1,29,1,8,
2005,43 ,43 ,28-oct,14,50,47,44,36,3,5,
2005,44 ,44 ,04-nov,38,42,36,37,26,2,6,
2005,45 ,45 ,11-nov,41,16,36,42,15,5,3,
2005,46 ,46 ,18-nov,34,17,18,48,25,3,2,
2005,47 ,47 ,25-nov,27,39,47,6,1,6,1,
2005,48 ,48 ,02-dic,1,30,20,9,23,4,7,
2005,49 ,49 ,09-dic,11,42,38,35,18,1,5,
2005,50 ,50 ,16-dic,2,18,3,15,32,7,6,
2005,51 ,51 ,23-dic,31,42,37,36,15,1,7,
2005,52 ,52 ,30-dic,19,45,43,8,16,1,4,
2004,SORTEO,FECHA,COMBINACION GANADORA,,,,,,,,
2004,2004,NÚMEROS,ESTRELLAS,,,,,,,,
2004,1 ,1 ,13-feb,32,16,29,41,36,9,7,
2004,2 ,2 ,20-feb,13,50,47,7,39,2,5,
2004,3 ,3 ,27-feb,37,19,18,14,31,5,4,
2004,4 ,4 ,05-mar,39,37,4,7,33,5,1,
2004,5 ,5 ,12-mar,44,47,15,28,24,4,5,
2004,6 ,6 ,19-mar,42,45,33,37,36,9,4,
2004,7 ,7 ,26-mar,23,43,3,4,10,2,4,
2004,8 ,8 ,02-abr,4,24,12,36,27,2,9,
2004,9 ,9 ,09-abr,23,19,10,1,4,2,8,
2004,10 ,10 ,16-abr,28,40,14,15,35,3,1,
2004,11 ,11 ,23-abr,45,21,6,49,10,5,3,
2004,12 ,12 ,30-abr,27,16,6,5,23,7,6,
2004,13 ,13 ,07-may,38,36,15,16,21,1,5,
2004,14 ,14 ,14-may,32,3,1,39,21,2,6,
2004,15 ,15 ,21-may,37,39,29,15,49,4,9,
2004,16 ,16 ,28-may,41,44,6,35,11,6,5,
2004,17 ,17 ,04-jun,41,42,34,13,9,7,3,
2004,18 ,18 ,11-jun,7,2,47,10,8,1,7,
2004,19 ,19 ,18-jun,28,2,40,23,43,6,2,
2004,20 ,20 ,25-jun,30,21,35,3,34,1,2,
2004,21 ,21 ,02-jul,4,28,24,23,34,1,3,
2004,22 ,22 ,09-jul,44,19,5,12,2,8,9,
2004,23 ,23 ,16-jul,26,50,31,24,38,8,5,
2004,24 ,24 ,23-jul,10,27,7,34,31,8,3,
2004,25 ,25 ,30-jul,50,10,9,19,37,6,1,
2004,26 ,26 ,06-ago,5,35,44,15,24,6,5,
2004,27 ,27 ,13-ago,27,20,41,43,50,8,5,
2004,28 ,28 ,20-ago,27,10,35,9,6,6,8,
2004,29 ,29 ,27-ago,28,1,44,22,11,1,9,
2004,30 ,30 ,03-sep,14,12,15,34,8,7,6,
2004,31 ,31 ,10-sep,5,38,36,25,33,5,2,
2004,32 ,32 ,17-sep,41,39,15,18,29,8,5,
2004,33 ,33 ,24-sep,48,21,26,27,44,1,7,
2004,34 ,34 ,01-oct,48,20,45,21,12,6,5,
2004,35 ,35 ,08-oct,12,10,48,1,16,2,6,
2004,36 ,36 ,15-oct,37,21,14,43,22,5,8,
2004,37 ,37 ,22-oct,9,25,1,40,23,3,9,
2004,38 ,38 ,29-oct,32,1,38,35,8,9,4,
2004,39 ,39 ,05-nov,25,42,49,19,6,1,7,
2004,40 ,40 ,12-nov,12,13,4,32,11,9,3,
2004,41 ,41 ,19-nov,37,29,34,18,1,6,2,
2004,42 ,42 ,26-nov,24,1,34,4,36,8,6,
2004,43 ,43 ,03-dic,15,42,11,1,49,4,3,
2004,44 ,44 ,10-dic,3,13,43,1,16,7,2,
2004,45 ,45 ,17-dic,49,22,19,15,46,9,2,
2004,46 ,46 ,24-dic,3,27,29,4,37,6,5,
2004,47 ,47 ,31-dic,8,7,47,25,24,8,9,
